{"guide_i18n.md":"14cd37bb","guide_asset-handling.md":"5756f999","guide_frontmatter.md":"738a937e","guide_routing.md":"ef97bb40","guide_ssr-compat.md":"081ae76c","guide_cms.md":"23d647b2","guide_mpa-mode.md":"abc77d9c","guide_data-loading.md":"1a4de406","guide_migration-from-vuepress.md":"b1cbfae9","reference_default-theme-prev-next-links.md":"2d628d3a","reference_default-theme-sidebar.md":"a7315940","reference_default-theme-team-page.md":"330f8707","reference_frontmatter-config.md":"f0bad07f","reference_default-theme-search.md":"fb17be4e","reference_default-theme-badge.md":"cf1f292d","guide_extending-default-theme.md":"9f25208c","guide_getting-started.md":"688209b8","guide_deploy.md":"34c9a98b","reference_default-theme-nav.md":"7b8b5084","reference_default-theme-edit-link.md":"f6f92eb5","guide_markdown.md":"4bf432e0","reference_default-theme-home-page.md":"9099baa8","reference_default-theme-carbon-ads.md":"c3b127aa","index.md":"ad20f574","reference_default-theme-last-updated.md":"a3e3f294","reference_cli.md":"0bc8f6d5","reference_default-theme-footer.md":"03ac5cb3","reference_default-theme-layout.md":"f3876b2a","guide_using-vue.md":"34853fd2","reference_default-theme-config.md":"0b84be21","reference_site-config.md":"97218522","guide_what-is-vitepress.md":"1c5d8866","reference_runtime-api.md":"448a5b2e","guide_custom-theme.md":"998be095","guide_migration-from-vitepress-0.md":"d1eff257"}
